{"cameraMode":{"drawMode":0,"name":"Shaded","section":"Shading Mode"},"sceneLighting":false,"audioPlay":false,"sceneViewState":{"m_AlwaysRefresh":false,"showFog":true,"showSkybox":false,"showFlares":true,"showImageEffects":true,"showParticleSystems":true,"showVisualEffectGraphs":true,"m_FxEnabled":true},"in2DMode":false,"pivot":{"x":2.8999998569488527,"y":0.5110001564025879,"z":123.3800048828125},"rotation":{"x":-0.06606743484735489,"y":0.18277610838413239,"z":0.012020131573081017,"w":0.9810363054275513},"size":12.124358177185059,"orthographic":false}