{"cameraMode":{"drawMode":0,"name":"Shaded","section":"Shading Mode"},"sceneLighting":false,"audioPlay":false,"sceneViewState":{"m_AlwaysRefresh":false,"showFog":true,"showSkybox":false,"showFlares":true,"showImageEffects":true,"showParticleSystems":true,"showVisualEffectGraphs":true,"m_FxEnabled":true},"in2DMode":false,"pivot":{"x":2.8999998569488527,"y":2.1999998092651369,"z":123.3800048828125},"rotation":{"x":0.20141521096229554,"y":-0.5339223742485046,"z":0.13226103782653809,"w":0.8106891512870789},"size":12.124358177185059,"orthographic":false}