{"cameraMode":{"drawMode":0,"name":"Shaded","section":"Shading Mode"},"sceneLighting":true,"audioPlay":false,"sceneViewState":{"m_AlwaysRefresh":false,"showFog":true,"showSkybox":true,"showFlares":true,"showImageEffects":true,"showParticleSystems":true,"showVisualEffectGraphs":true,"m_FxEnabled":true},"in2DMode":false,"pivot":{"x":-9.497565269470215,"y":7.035004138946533,"z":-16.441408157348634},"rotation":{"x":0.21906425058841706,"y":0.008520062081515789,"z":-0.00157053186558187,"w":0.9759050011634827},"size":5.060413360595703,"orthographic":false}