{"cameraMode":{"drawMode":0,"name":"Shaded","section":"Shading Mode"},"sceneLighting":false,"audioPlay":false,"sceneViewState":{"m_AlwaysRefresh":false,"showFog":true,"showSkybox":false,"showFlares":true,"showImageEffects":true,"showParticleSystems":true,"showVisualEffectGraphs":true,"m_FxEnabled":true},"in2DMode":false,"pivot":{"x":-8.085155487060547,"y":1.0702722072601319,"z":1.3082818984985352},"rotation":{"x":-0.008646104484796524,"y":-0.6918166279792786,"z":-0.007877139374613762,"w":0.7222950458526611},"size":4.556881427764893,"orthographic":false}