{"cameraMode":{"drawMode":0,"name":"Shaded","section":"Shading Mode"},"sceneLighting":false,"audioPlay":false,"sceneViewState":{"m_AlwaysRefresh":false,"showFog":true,"showSkybox":false,"showFlares":true,"showImageEffects":true,"showParticleSystems":true,"showVisualEffectGraphs":true,"m_FxEnabled":true},"in2DMode":false,"pivot":{"x":0.5760377645492554,"y":0.42866507172584536,"z":1.4261804819107056},"rotation":{"x":0.00417946046218276,"y":-0.06025436520576477,"z":-0.0003180929634254426,"w":-0.9983683824539185},"size":1.9421396255493165,"orthographic":false}